{
  "_id": "698e2c35-cdfa-4066-a448-e69b5e643f37",
  "aiPersonaId": "7ac904b5-e11b-4931-bdf2-5f4916458e29",
  "integrationId": "ask-travel-dates-0852",
  "name": "Workflow for Ask Travel Dates",
  "publisherAccountId": "cee37211-d447-4e04-ace1-65d1295dbc6d",
  "startTaskId": "faa9778b-c3c4-49cd-9fbb-99648f43369a",
  "status": "Active",
  "tasks": [
    {
      "_id": "faa9778b-c3c4-49cd-9fbb-99648f43369a",
      "transitions": [],
      "type": "Display",
      "config": {
        "name": "Display",
        "description": "Display the response to the user",
        "type": "text",
        "text": "Hi there! Intent $input.intent has been matched"
      }
    }
  ],
  "type": "Conversational",
  "version": "latest"
}