{
  "_id": "5d82622b-85ee-4740-8d95-85b5cf6a8101",
  "aiPersonaId": "7ac904b5-e11b-4931-bdf2-5f4916458e29",
  "integrationId": "create-detailed-itinerary-0852",
  "name": "Workflow for Create Detailed Itinerary",
  "publisherAccountId": "cee37211-d447-4e04-ace1-65d1295dbc6d",
  "startTaskId": "5b0daba4-5f80-48c9-b09d-21f5d3bb4ace",
  "status": "Active",
  "tasks": [
    {
      "_id": "5b0daba4-5f80-48c9-b09d-21f5d3bb4ace",
      "transitions": [],
      "type": "Display",
      "config": {
        "name": "Display",
        "description": "Display the response to the user",
        "type": "text",
        "text": "Hi there! Intent $input.intent has been matched"
      }
    }
  ],
  "type": "Conversational",
  "version": "latest"
}