{
  "_id": "81d19192-885c-4222-b258-ab8f5ae6ac81",
  "aiPersonaId": "7ac904b5-e11b-4931-bdf2-5f4916458e29",
  "integrationId": "ma-user-interaction-9149-primary-workflow-for-user-interaction",
  "isMiniAgentPrimaryWorkflow": true,
  "name": "Primary Workflow for User Interaction",
  "publisherAccountId": "cee37211-d447-4e04-ace1-65d1295dbc6d",
  "startTaskId": "fbef7b6d-a206-4311-b97d-d77cb06e9ad0",
  "status": "Active",
  "tasks": [
    {
      "_id": "fbef7b6d-a206-4311-b97d-d77cb06e9ad0",
      "type": "PassThrough",
      "config": {
        "name": "Pass Through",
        "description": "Pass through the input to the output"
      },
      "transitions": [
        {
          "_id": "456c6e16-9c77-448f-970c-1ab3367aa513-fbef7b6d-a206-4311-b97d-d77cb06e9ad0",
          "nextTask": "456c6e16-9c77-448f-970c-1ab3367aa513",
          "name": "If query doesnt exists",
          "rules": [
            {
              "type": "any",
              "operator": "notExists",
              "path": "$output.query"
            }
          ]
        },
        {
          "_id": "1c544f27-83e7-43fc-a95d-59d0801d1e75-fbef7b6d-a206-4311-b97d-d77cb06e9ad0",
          "nextTask": "1c544f27-83e7-43fc-a95d-59d0801d1e75",
          "name": "If intents are already classified",
          "rules": [
            {
              "type": "any",
              "operator": "exists",
              "path": "$output.intents"
            },
            {
              "type": "any",
              "operator": "exists",
              "path": "$output.query"
            }
          ]
        },
        {
          "_id": "fbef7b6d-a206-4311-b97d-d77cb06e9ad0-446ccba8-ea66-4e52-8bd7-407f1cd81247",
          "name": "If query exists",
          "nextTask": "446ccba8-ea66-4e52-8bd7-407f1cd81247",
          "rules": [
            {
              "type": "any",
              "operator": "exists",
              "path": "$output.query"
            },
            {
              "type": "any",
              "operator": "notExists",
              "path": "$output.intents"
            }
          ]
        }
      ],
      "globalVariables": [
        {
          "name": "query",
          "referencePath": "$input.query"
        },
        {
          "name": "conversationId",
          "referencePath": "$input.conversationId"
        }
      ]
    },
    {
      "_id": "456c6e16-9c77-448f-970c-1ab3367aa513",
      "type": "Input",
      "config": {
        "name": "User Input",
        "description": "Get user input",
        "type": "string"
      },
      "transitions": [
        {
          "_id": "456c6e16-9c77-448f-970c-1ab3367aa513-446ccba8-ea66-4e52-8bd7-407f1cd81247",
          "name": "Default",
          "nextTask": "446ccba8-ea66-4e52-8bd7-407f1cd81247"
        }
      ],
      "globalVariables": [
        {
          "name": "query",
          "referencePath": "$output.userInput"
        },
        {
          "name": "selfLoopMiniAgent",
          "referencePath": "true"
        }
      ]
    },
    {
      "_id": "446ccba8-ea66-4e52-8bd7-407f1cd81247",
      "type": "Loader",
      "config": {
        "name": "Loader",
        "description": "Display loader message",
        "type": "loader",
        "text": "Just a moment... identifying the best approach to assist you."
      },
      "transitions": [
        {
          "_id": "446ccba8-ea66-4e52-8bd7-407f1cd81247-3f36495c-8a19-4c26-b839-4d897ca69d7b",
          "name": "Default",
          "nextTask": "3f36495c-8a19-4c26-b839-4d897ca69d7b"
        }
      ]
    },
    {
      "_id": "3f36495c-8a19-4c26-b839-4d897ca69d7b",
      "type": "IntentClassification",
      "config": {
        "name": "Intent Classification",
        "description": "Classify the intent of the user message",
        "modelId": "4cf651d9-edf3-455f-a22e-53cc67fcc07b",
        "intents": [
          {
            "name": "Ask Travel Preferences",
            "description": "This intent is designed to accept and collect essential travel preferences from the user to begin the trip planning process. It gathers details such as the type of destination (e.g., mountains, beaches, temples), the duration of the trip (number of days), the trip type (e.g., relaxing, adventurous, cultural), the user’s budget, and their specific interests or activities (e.g., hiking, food, history). Once this information is provided, the intent passes it to the next module for generating a personalized travel itinerary and recommendations.",
            "examples": [
              "I want to plan a trip to the beach for 5 days with a small budget.",
              "Hey, can you help me with a relaxing mountain trip for a week?",
              "I’m looking for an adventurous trip to temples, maybe 3 days, and I love history.",
              "Hi! I’d love a cultural trip to the mountains for 10 days with a big budget."
            ]
          },
          {
            "name": "Ask In Detail Planner",
            "description": "This intent is designed to handle user queries or requests related to planning a personalized trip. It captures a broad range of travel-related requests where the user expresses a desire to plan a trip but may not provide all details upfront (e.g., \"I want to plan a trip\" or \"Plan a beach trip for me\"). The associated flow ensures the AI Agent responds by asking the user for specific travel preferences one field at a time, including destination (with country and state), duration, trip type, budget, and interests. Additionally, it explicitly includes asking for the country and state to refine the location. Once all details are collected, the AI combines them into a single input and passes it to the LLM to generate a detailed travel plan. This intent ensures a structured, conversational approach to gathering comprehensive trip details before fulfilling the user’s request.",
            "examples": [
              "I need help planning a trip with no details decided yet!",
              "I want a relaxing trip on a tight budget—plan it for me!",
              "Guide me to plan a trip with destination and vibe ideas!",
              "I want a beach trip planned without a set place or budget!",
              "I’m seeking an adventure trip and need help picking details!"
            ]
          }
        ],
        "query": "$agent.query"
      },
      "transitions": [
        {
          "_id": "3f36495c-8a19-4c26-b839-4d897ca69d7b-1c544f27-83e7-43fc-a95d-59d0801d1e75",
          "name": "If Intent is Matched",
          "rules": [
            {
              "type": "string",
              "operator": "equal",
              "path": "$output.intentMatched",
              "value": "true"
            }
          ],
          "nextTask": "1c544f27-83e7-43fc-a95d-59d0801d1e75"
        },
        {
          "_id": "3f36495c-8a19-4c26-b839-4d897ca69d7b-40ce2ad0-00fd-40da-88a6-42f3ebf04cd9",
          "name": "If No Intent is Matched",
          "rules": [
            {
              "type": "string",
              "operator": "equal",
              "path": "$output.intentMatched",
              "value": "false"
            }
          ],
          "nextTask": "40ce2ad0-00fd-40da-88a6-42f3ebf04cd9"
        }
      ]
    },
    {
      "_id": "1c544f27-83e7-43fc-a95d-59d0801d1e75",
      "type": "JSFunction",
      "config": {
        "name": "JS Function",
        "description": "Execute JS function",
        "code": "\nconst main = () => {\n    const currentExecutionId = _id;\n    const intents = agent?.icIntents?.[currentExecutionId] || input.intents;\n    const currentIndex = agent?.icLoopIndexes?.[currentExecutionId] || 0;\n    const currentIntent = intents[currentIndex] || {};\n    const { intent, task } = currentIntent;\n    const state = currentIndex === intents.length ? 'end' : 'continue'\n    const icLoopIndexes = { ...(agent?.icLoopIndexes || {}), [_id]: state === 'end' ? undefined : currentIndex + 1 };\n    const icIntents = { ...(agent?.icIntents || {}), [_id]: state === 'end' ? undefined : intents };\n    return { ...input, intent, state: currentIndex === intents.length ? 'end' : 'continue', icLoopIndexes, icIntents, query: task };\n};\n\nmain()\n"
      },
      "globalVariables": [
        {
          "referencePath": "$output.icLoopIndexes",
          "name": "icLoopIndexes"
        },
        {
          "referencePath": "$output.icIntents",
          "name": "icIntents"
        }
      ],
      "transitions": [
        {
          "_id": "1c544f27-83e7-43fc-a95d-59d0801d1e75-63e3b217-4eb5-4433-b9c0-d158f6e0db07",
          "name": "If Intent is Matched",
          "rules": [
            {
              "type": "string",
              "operator": "equal",
              "path": "$output.intent",
              "value": "Ask Travel Preferences"
            }
          ],
          "nextTask": "63e3b217-4eb5-4433-b9c0-d158f6e0db07"
        },
        {
          "_id": "1c544f27-83e7-43fc-a95d-59d0801d1e75-646ea958-894d-4ad6-92ec-872c80496377",
          "name": "If Intent is Matched",
          "rules": [
            {
              "type": "string",
              "operator": "equal",
              "path": "$output.intent",
              "value": "Ask In Detail Planner"
            }
          ],
          "nextTask": "646ea958-894d-4ad6-92ec-872c80496377"
        },
        {
          "_id": "1c544f27-83e7-43fc-a95d-59d0801d1e75-456c6e16-9c77-448f-970c-1ab3367aa513",
          "name": "If Self Loop",
          "rules": [
            {
              "type": "string",
              "operator": "equal",
              "path": "$agent.selfLoopMiniAgent",
              "value": "true"
            },
            {
              "type": "string",
              "operator": "equal",
              "path": "$output.state",
              "value": "end"
            }
          ],
          "nextTask": "456c6e16-9c77-448f-970c-1ab3367aa513"
        }
      ]
    },
    {
      "_id": "63e3b217-4eb5-4433-b9c0-d158f6e0db07",
      "type": "Workflow",
      "config": {
        "name": "Intent - Ask Travel Preferences",
        "description": "Workflow for intent - Ask Travel Preferences",
        "workflowId": "bbbb6cec-3059-42d0-9365-b77214b50e7a"
      },
      "transitions": [
        {
          "_id": "63e3b217-4eb5-4433-b9c0-d158f6e0db07-1c544f27-83e7-43fc-a95d-59d0801d1e75",
          "name": "Mini agent execution completed",
          "nextTask": "1c544f27-83e7-43fc-a95d-59d0801d1e75"
        }
      ]
    },
    {
      "_id": "646ea958-894d-4ad6-92ec-872c80496377",
      "type": "Workflow",
      "config": {
        "name": "Intent - Ask In Detail Planner",
        "description": "Workflow for intent - Ask In Detail Planner",
        "workflowId": "a0cda5f3-d6b2-4da5-9641-4b3eb5d1e9c2"
      },
      "transitions": [
        {
          "_id": "646ea958-894d-4ad6-92ec-872c80496377-1c544f27-83e7-43fc-a95d-59d0801d1e75",
          "name": "Mini agent execution completed",
          "nextTask": "1c544f27-83e7-43fc-a95d-59d0801d1e75"
        }
      ]
    },
    {
      "_id": "40ce2ad0-00fd-40da-88a6-42f3ebf04cd9",
      "transitions": [
        {
          "_id": "40ce2ad0-00fd-40da-88a6-42f3ebf04cd9-456c6e16-9c77-448f-970c-1ab3367aa513",
          "name": "If Self Loop",
          "rules": [
            {
              "type": "string",
              "operator": "equal",
              "path": "$agent.selfLoopMiniAgent",
              "value": "true"
            }
          ],
          "nextTask": "456c6e16-9c77-448f-970c-1ab3367aa513"
        }
      ],
      "type": "Output",
      "config": {
        "name": "Output",
        "description": "Output the response to the user",
        "type": "external",
        "text": "Unable to complete task $agent.query"
      }
    },
    {
      "_id": "6822eb36-f568-439c-8cbf-7bb060e019f8",
      "transitions": [
        {
          "_id": "6822eb36-f568-439c-8cbf-7bb060e019f8-456c6e16-9c77-448f-970c-1ab3367aa513",
          "name": "If Self Loop",
          "rules": [
            {
              "type": "string",
              "operator": "equal",
              "path": "$agent.selfLoopMiniAgent",
              "value": "true"
            }
          ],
          "nextTask": "456c6e16-9c77-448f-970c-1ab3367aa513"
        }
      ],
      "type": "Display",
      "config": {
        "name": "Display",
        "description": "Display the response to the user",
        "type": "text",
        "text": "$input.content"
      }
    }
  ],
  "type": "Conversational",
  "version": "latest"
}