{
  "_id": "2916b63c-a6d8-4e18-ad32-4ae3a1d70d23",
  "aiPersonaId": "7ac904b5-e11b-4931-bdf2-5f4916458e29",
  "integrationId": "ask-budget-0852",
  "name": "Workflow for Ask Budget",
  "publisherAccountId": "cee37211-d447-4e04-ace1-65d1295dbc6d",
  "startTaskId": "162cb1d3-417a-4387-aca2-1ffdb7fdd74c",
  "status": "Active",
  "tasks": [
    {
      "_id": "162cb1d3-417a-4387-aca2-1ffdb7fdd74c",
      "transitions": [],
      "type": "Display",
      "config": {
        "name": "Display",
        "description": "Display the response to the user",
        "type": "text",
        "text": "Hi there! Intent $input.intent has been matched"
      }
    }
  ],
  "type": "Conversational",
  "version": "latest"
}