{
  "_id": "d5c58ee5-0b6d-4f59-9df5-2a7887ad72ac",
  "aiPersonaId": "7ac904b5-e11b-4931-bdf2-5f4916458e29",
  "integrationId": "confirm-booking-3137",
  "name": "Workflow for Confirm Booking",
  "publisherAccountId": "cee37211-d447-4e04-ace1-65d1295dbc6d",
  "startTaskId": "c718f9db-047b-44e9-bf32-c18feabb6a04",
  "status": "Active",
  "tasks": [
    {
      "_id": "c718f9db-047b-44e9-bf32-c18feabb6a04",
      "transitions": [],
      "type": "Display",
      "config": {
        "name": "Display",
        "description": "Display the response to the user",
        "type": "text",
        "text": "Hi there! Intent $input.intent has been matched"
      }
    }
  ],
  "type": "Conversational",
  "version": "latest"
}