{
  "_id": "57bc644e-9a5a-4cee-852a-06fb51b7185c",
  "aiPersonaId": "7ac904b5-e11b-4931-bdf2-5f4916458e29",
  "integrationId": "greet-user-8566",
  "name": "Workflow for Greet User",
  "publisherAccountId": "cee37211-d447-4e04-ace1-65d1295dbc6d",
  "startTaskId": "0daeb40c-bb64-485d-9baf-43323d351961",
  "status": "Active",
  "tasks": [
    {
      "_id": "0daeb40c-bb64-485d-9baf-43323d351961",
      "transitions": [],
      "type": "Display",
      "config": {
        "name": "Display",
        "description": "Display the response to the user",
        "type": "text",
        "text": "Hi there! Intent $input.intent has been matched"
      }
    }
  ],
  "type": "Conversational",
  "version": "latest"
}