{
  "_id": "7ac904b5-e11b-4931-bdf2-5f4916458e29",
  "inferenceEngine": {
    "modelId": "4cf651d9-edf3-455f-a22e-53cc67fcc07b"
  },
  "integrationId": "travel-planning-assistant-6661",
  "integrations": {},
  "intentClassification": {
    "modelId": "4cf651d9-edf3-455f-a22e-53cc67fcc07b"
  },
  "name": "Travel Planning Assistant",
  "publisherAccountId": "cee37211-d447-4e04-ace1-65d1295dbc6d",
  "status": "Active",
  "useAsChatbot": true,
  "variables": {
    "secrets": [],
    "agent": [
      "Interests",
      "Country",
      "State",
      "Destination",
      "Trip_duration",
      "Trip_type",
      "Budget"
    ]
  },
  "rags": [],
  "miniAgentIds": [
    "c2d838d1-8956-43fd-8a2e-c4c662295102"
  ],
  "miniAgents": [
    {
      "_id": "c2d838d1-8956-43fd-8a2e-c4c662295102",
      "integrationId": "user-interaction-9149",
      "intents": [
        {
          "_id": "ask-travel-preferences-9149",
          "name": "Ask Travel Preferences",
          "description": "This intent is designed to accept and collect essential travel preferences from the user to begin the trip planning process. It gathers details such as the type of destination (e.g., mountains, beaches, temples), the duration of the trip (number of days), the trip type (e.g., relaxing, adventurous, cultural), the user’s budget, and their specific interests or activities (e.g., hiking, food, history). Once this information is provided, the intent passes it to the next module for generating a personalized travel itinerary and recommendations.",
          "examples": [
            "I want to plan a trip to the beach for 5 days with a small budget.",
            "Hey, can you help me with a relaxing mountain trip for a week?",
            "I’m looking for an adventurous trip to temples, maybe 3 days, and I love history.",
            "Hi! I’d love a cultural trip to the mountains for 10 days with a big budget."
          ],
          "flowType": "Workflow",
          "workflowId": "bbbb6cec-3059-42d0-9365-b77214b50e7a"
        },
        {
          "_id": "d50e95c9-a7ec-4240-9968-8d34d8c8dfa1",
          "name": "Ask In Detail Planner",
          "description": "This intent is designed to handle user queries or requests related to planning a personalized trip. It captures a broad range of travel-related requests where the user expresses a desire to plan a trip but may not provide all details upfront (e.g., \"I want to plan a trip\" or \"Plan a beach trip for me\"). The associated flow ensures the AI Agent responds by asking the user for specific travel preferences one field at a time, including destination (with country and state), duration, trip type, budget, and interests. Additionally, it explicitly includes asking for the country and state to refine the location. Once all details are collected, the AI combines them into a single input and passes it to the LLM to generate a detailed travel plan. This intent ensures a structured, conversational approach to gathering comprehensive trip details before fulfilling the user’s request.",
          "examples": [
            "I need help planning a trip with no details decided yet!",
            "I want a relaxing trip on a tight budget—plan it for me!",
            "Guide me to plan a trip with destination and vibe ideas!",
            "I want a beach trip planned without a set place or budget!",
            "I’m seeking an adventure trip and need help picking details!"
          ],
          "workflowId": "a0cda5f3-d6b2-4da5-9641-4b3eb5d1e9c2",
          "flowType": "Workflow"
        }
      ],
      "name": "User Interaction",
      "scope": "The agent is designed to start by welcoming the user in a friendly way and asking them about their travel plans. It will find out important details like where they want to go (like mountains, beaches, or temples), how long they’ll stay, what kind of trip they want (like relaxing or adventurous), how much money they want to spend, and what they enjoy doing. By understanding these preferences, the agent can create a personalized travel plan just for them.",
      "miniAgentId": "c2d838d1-8956-43fd-8a2e-c4c662295102"
    }
  ],
  "intentWorkflows": [
    {
      "_id": "a0cda5f3-d6b2-4da5-9641-4b3eb5d1e9c2",
      "integrationId": "ask-in-detail-planner-5596",
      "name": "Workflow for Ask In Detail Planner"
    },
    {
      "_id": "bbbb6cec-3059-42d0-9365-b77214b50e7a",
      "integrationId": "ask-travel-preferences-8566",
      "name": "Workflow for Ask Travel Preferences"
    }
  ]
}