{
  "_id": "81d19192-885c-4222-b258-ab8f5ae6ac81",
  "aiPersonaId": "7ac904b5-e11b-4931-bdf2-5f4916458e29",
  "integrationId": "ma-user-interaction-9149-primary-workflow-for-user-interaction",
  "isMiniAgentPrimaryWorkflow": true,
  "name": "Primary Workflow for User Interaction",
  "publisherAccountId": "cee37211-d447-4e04-ace1-65d1295dbc6d",
  "startTaskId": "dc92661d-a9f0-40f8-9d8a-407c963f943f",
  "status": "Active",
  "tasks": [
    {
      "_id": "dc92661d-a9f0-40f8-9d8a-407c963f943f",
      "type": "PassThrough",
      "config": {
        "name": "Pass Through",
        "description": "Pass through the input to the output"
      },
      "transitions": [
        {
          "_id": "bb4f82aa-46e4-4b98-8dee-9768a1457618-dc92661d-a9f0-40f8-9d8a-407c963f943f",
          "nextTask": "bb4f82aa-46e4-4b98-8dee-9768a1457618",
          "name": "If query doesnt exists",
          "rules": [
            {
              "type": "any",
              "operator": "notExists",
              "path": "$output.query"
            }
          ]
        },
        {
          "_id": "77f36e56-aaaa-453a-9da1-f7bc85840a7c-dc92661d-a9f0-40f8-9d8a-407c963f943f",
          "nextTask": "77f36e56-aaaa-453a-9da1-f7bc85840a7c",
          "name": "If intents are already classified",
          "rules": [
            {
              "type": "any",
              "operator": "exists",
              "path": "$output.intents"
            },
            {
              "type": "any",
              "operator": "exists",
              "path": "$output.query"
            }
          ]
        },
        {
          "_id": "dc92661d-a9f0-40f8-9d8a-407c963f943f-38de2278-dbde-43ca-81f8-d3af575debc3",
          "name": "If query exists",
          "nextTask": "38de2278-dbde-43ca-81f8-d3af575debc3",
          "rules": [
            {
              "type": "any",
              "operator": "exists",
              "path": "$output.query"
            },
            {
              "type": "any",
              "operator": "notExists",
              "path": "$output.intents"
            }
          ]
        }
      ],
      "globalVariables": [
        {
          "name": "query",
          "referencePath": "$input.query"
        },
        {
          "name": "conversationId",
          "referencePath": "$input.conversationId"
        }
      ]
    },
    {
      "_id": "bb4f82aa-46e4-4b98-8dee-9768a1457618",
      "type": "Input",
      "config": {
        "name": "User Input",
        "description": "Get user input",
        "type": "string"
      },
      "transitions": [
        {
          "_id": "bb4f82aa-46e4-4b98-8dee-9768a1457618-38de2278-dbde-43ca-81f8-d3af575debc3",
          "name": "Default",
          "nextTask": "38de2278-dbde-43ca-81f8-d3af575debc3"
        }
      ],
      "globalVariables": [
        {
          "name": "query",
          "referencePath": "$output.userInput"
        },
        {
          "name": "selfLoopMiniAgent",
          "referencePath": "true"
        }
      ]
    },
    {
      "_id": "38de2278-dbde-43ca-81f8-d3af575debc3",
      "type": "Loader",
      "config": {
        "name": "Loader",
        "description": "Display loader message",
        "type": "loader",
        "text": "Just a moment... identifying the best approach to assist you."
      },
      "transitions": [
        {
          "_id": "38de2278-dbde-43ca-81f8-d3af575debc3-49c5ed1b-e3b7-4b52-8b33-4ae3e0bbb171",
          "name": "Default",
          "nextTask": "49c5ed1b-e3b7-4b52-8b33-4ae3e0bbb171"
        }
      ]
    },
    {
      "_id": "49c5ed1b-e3b7-4b52-8b33-4ae3e0bbb171",
      "type": "IntentClassification",
      "config": {
        "name": "Intent Classification",
        "description": "Classify the intent of the user message",
        "modelId": "4cf651d9-edf3-455f-a22e-53cc67fcc07b",
        "intents": [
          {
            "name": "Ask Travel Preferences",
            "description": "This intent is designed to accept and collect essential travel preferences from the user to begin the trip planning process. It gathers details such as the type of destination (e.g., mountains, beaches, temples), the duration of the trip (number of days), the trip type (e.g., relaxing, adventurous, cultural), the user’s budget, and their specific interests or activities (e.g., hiking, food, history). Once this information is provided, the intent passes it to the next module for generating a personalized travel itinerary and recommendations.",
            "examples": [
              "I want to plan a trip to the beach for 5 days with a small budget.",
              "Hey, can you help me with a relaxing mountain trip for a week?",
              "I’m looking for an adventurous trip to temples, maybe 3 days, and I love history.",
              "Hi! I’d love a cultural trip to the mountains for 10 days with a big budget."
            ]
          }
        ],
        "query": "$agent.query"
      },
      "transitions": [
        {
          "_id": "49c5ed1b-e3b7-4b52-8b33-4ae3e0bbb171-77f36e56-aaaa-453a-9da1-f7bc85840a7c",
          "name": "If Intent is Matched",
          "rules": [
            {
              "type": "string",
              "operator": "equal",
              "path": "$output.intentMatched",
              "value": "true"
            }
          ],
          "nextTask": "77f36e56-aaaa-453a-9da1-f7bc85840a7c"
        },
        {
          "_id": "49c5ed1b-e3b7-4b52-8b33-4ae3e0bbb171-77577802-7d93-4aa8-8943-fa0e07ae3c2e",
          "name": "If No Intent is Matched",
          "rules": [
            {
              "type": "string",
              "operator": "equal",
              "path": "$output.intentMatched",
              "value": "false"
            }
          ],
          "nextTask": "77577802-7d93-4aa8-8943-fa0e07ae3c2e"
        }
      ]
    },
    {
      "_id": "77f36e56-aaaa-453a-9da1-f7bc85840a7c",
      "type": "JSFunction",
      "config": {
        "name": "JS Function",
        "description": "Execute JS function",
        "code": "\nconst main = () => {\n    const currentExecutionId = _id;\n    const intents = agent?.icIntents?.[currentExecutionId] || input.intents;\n    const currentIndex = agent?.icLoopIndexes?.[currentExecutionId] || 0;\n    const currentIntent = intents[currentIndex] || {};\n    const { intent, task } = currentIntent;\n    const state = currentIndex === intents.length ? 'end' : 'continue'\n    const icLoopIndexes = { ...(agent?.icLoopIndexes || {}), [_id]: state === 'end' ? undefined : currentIndex + 1 };\n    const icIntents = { ...(agent?.icIntents || {}), [_id]: state === 'end' ? undefined : intents };\n    return { ...input, intent, state: currentIndex === intents.length ? 'end' : 'continue', icLoopIndexes, icIntents, query: task };\n};\n\nmain()\n"
      },
      "globalVariables": [
        {
          "referencePath": "$output.icLoopIndexes",
          "name": "icLoopIndexes"
        },
        {
          "referencePath": "$output.icIntents",
          "name": "icIntents"
        }
      ],
      "transitions": [
        {
          "_id": "77f36e56-aaaa-453a-9da1-f7bc85840a7c-e971b28f-e8ef-4019-9706-055c657e8517",
          "name": "If Intent is Matched",
          "rules": [
            {
              "type": "string",
              "operator": "equal",
              "path": "$output.intent",
              "value": "Ask Travel Preferences"
            }
          ],
          "nextTask": "e971b28f-e8ef-4019-9706-055c657e8517"
        },
        {
          "_id": "77f36e56-aaaa-453a-9da1-f7bc85840a7c-bb4f82aa-46e4-4b98-8dee-9768a1457618",
          "name": "If Self Loop",
          "rules": [
            {
              "type": "string",
              "operator": "equal",
              "path": "$agent.selfLoopMiniAgent",
              "value": "true"
            },
            {
              "type": "string",
              "operator": "equal",
              "path": "$output.state",
              "value": "end"
            }
          ],
          "nextTask": "bb4f82aa-46e4-4b98-8dee-9768a1457618"
        }
      ]
    },
    {
      "_id": "e971b28f-e8ef-4019-9706-055c657e8517",
      "type": "Workflow",
      "config": {
        "name": "Intent - Ask Travel Preferences",
        "description": "Workflow for intent - Ask Travel Preferences",
        "workflowId": "bbbb6cec-3059-42d0-9365-b77214b50e7a"
      },
      "transitions": [
        {
          "_id": "e971b28f-e8ef-4019-9706-055c657e8517-77f36e56-aaaa-453a-9da1-f7bc85840a7c",
          "name": "Mini agent execution completed",
          "nextTask": "77f36e56-aaaa-453a-9da1-f7bc85840a7c"
        }
      ]
    },
    {
      "_id": "77577802-7d93-4aa8-8943-fa0e07ae3c2e",
      "transitions": [
        {
          "_id": "77577802-7d93-4aa8-8943-fa0e07ae3c2e-bb4f82aa-46e4-4b98-8dee-9768a1457618",
          "name": "If Self Loop",
          "rules": [
            {
              "type": "string",
              "operator": "equal",
              "path": "$agent.selfLoopMiniAgent",
              "value": "true"
            }
          ],
          "nextTask": "bb4f82aa-46e4-4b98-8dee-9768a1457618"
        }
      ],
      "type": "Output",
      "config": {
        "name": "Output",
        "description": "Output the response to the user",
        "type": "external",
        "text": "Unable to complete task $agent.query"
      }
    },
    {
      "_id": "1c734fc7-344f-4da1-ae3f-51b451f80e4c",
      "transitions": [
        {
          "_id": "1c734fc7-344f-4da1-ae3f-51b451f80e4c-bb4f82aa-46e4-4b98-8dee-9768a1457618",
          "name": "If Self Loop",
          "rules": [
            {
              "type": "string",
              "operator": "equal",
              "path": "$agent.selfLoopMiniAgent",
              "value": "true"
            }
          ],
          "nextTask": "bb4f82aa-46e4-4b98-8dee-9768a1457618"
        }
      ],
      "type": "Display",
      "config": {
        "name": "Display",
        "description": "Display the response to the user",
        "type": "text",
        "text": "$input.content"
      }
    }
  ],
  "type": "Conversational",
  "version": "latest"
}