{
  "_id": "2ef32d17-a431-486a-bd50-f1058b92112b",
  "aiPersonaId": "7ac904b5-e11b-4931-bdf2-5f4916458e29",
  "integrationId": "provide-destination-options-0852",
  "name": "Workflow for Provide Destination Options",
  "publisherAccountId": "cee37211-d447-4e04-ace1-65d1295dbc6d",
  "startTaskId": "3aa59429-da10-4cc1-8565-a4c5523de08b",
  "status": "Active",
  "tasks": [
    {
      "_id": "3aa59429-da10-4cc1-8565-a4c5523de08b",
      "transitions": [],
      "type": "Display",
      "config": {
        "name": "Display",
        "description": "Display the response to the user",
        "type": "text",
        "text": "Hi there! Intent $input.intent has been matched"
      }
    }
  ],
  "type": "Conversational",
  "version": "latest"
}