{
  "_id": "7d543f57-ac40-493a-9fff-7fd08253283a",
  "aiPersonaId": "7ac904b5-e11b-4931-bdf2-5f4916458e29",
  "integrationId": "request-booking-permission-3136",
  "name": "Workflow for Request Booking Permission",
  "publisherAccountId": "cee37211-d447-4e04-ace1-65d1295dbc6d",
  "startTaskId": "1bae0296-b4a5-4903-b45f-5c3976822ca8",
  "status": "Active",
  "tasks": [
    {
      "_id": "1bae0296-b4a5-4903-b45f-5c3976822ca8",
      "transitions": [],
      "type": "Display",
      "config": {
        "name": "Display",
        "description": "Display the response to the user",
        "type": "text",
        "text": "Hi there! Intent $input.intent has been matched"
      }
    }
  ],
  "type": "Conversational",
  "version": "latest"
}