{
  "_id": "7ac904b5-e11b-4931-bdf2-5f4916458e29",
  "inferenceEngine": {
    "modelId": "4cf651d9-edf3-455f-a22e-53cc67fcc07b"
  },
  "integrationId": "travel-planning-assistant-6661",
  "integrations": {},
  "intentClassification": {
    "modelId": "4cf651d9-edf3-455f-a22e-53cc67fcc07b"
  },
  "name": "Travel Planning Assistant",
  "publisherAccountId": "cee37211-d447-4e04-ace1-65d1295dbc6d",
  "status": "Active",
  "useAsChatbot": true,
  "variables": {
    "secrets": []
  },
  "rags": [],
  "miniAgentIds": [
    "c2d838d1-8956-43fd-8a2e-c4c662295102"
  ],
  "miniAgents": [
    {
      "_id": "c2d838d1-8956-43fd-8a2e-c4c662295102",
      "integrationId": "user-interaction-9149",
      "intents": [
        {
          "_id": "ask-travel-preferences-9149",
          "name": "Ask Travel Preferences",
          "description": "This intent is designed to accept and collect essential travel preferences from the user to begin the trip planning process. It gathers details such as the type of destination (e.g., mountains, beaches, temples), the duration of the trip (number of days), the trip type (e.g., relaxing, adventurous, cultural), the user’s budget, and their specific interests or activities (e.g., hiking, food, history). Once this information is provided, the intent passes it to the next module for generating a personalized travel itinerary and recommendations.",
          "examples": [
            "I want to plan a trip to the beach for 5 days with a small budget.",
            "Hey, can you help me with a relaxing mountain trip for a week?",
            "I’m looking for an adventurous trip to temples, maybe 3 days, and I love history.",
            "Hi! I’d love a cultural trip to the mountains for 10 days with a big budget."
          ],
          "flowType": "Workflow",
          "workflowId": "bbbb6cec-3059-42d0-9365-b77214b50e7a"
        }
      ],
      "name": "User Interaction",
      "scope": "The agent is designed to start by welcoming the user in a friendly way and asking them about their travel plans. It will find out important details like where they want to go (like mountains, beaches, or temples), how long they’ll stay, what kind of trip they want (like relaxing or adventurous), how much money they want to spend, and what they enjoy doing. By understanding these preferences, the agent can create a personalized travel plan just for them.",
      "miniAgentId": "c2d838d1-8956-43fd-8a2e-c4c662295102"
    }
  ],
  "intentWorkflows": [
    {
      "_id": "bbbb6cec-3059-42d0-9365-b77214b50e7a",
      "integrationId": "ask-travel-preferences-8566",
      "name": "Workflow for Ask Travel Preferences"
    }
  ]
}